Mcdonalds vs,Chick fil a
Mcdonalds vs,Chick fil a meme
Mcdonalds vs,Burger king
Mcdonalds vs,Chicago
Mcdonalds vs,Chipotle
Mcdonalds vs,Subway
Mcdonalds vs,Starbucks
Mcdonalds vs,KFC
Mcdonalds vs,Burger King sales
Mcdonalds vs,Wendys
Wrestling is,Fake
Wrestling is,Real meme
Wrestling is,Dead
Wrestling is,Real
Wrestling is,Wrestling
Wrestling is,Real to me
Wrestling is,Life
Wrestling is,An art
Wrestling is,Fake memes
Wrestling is,Fun
Do all celebrities have,Herpes
Do all celebrities have,Bodyguards
Do all celebrities have,Fake teeth
Do all celebrities have,Iphones
Do all celebrities have,Personal assistants
Do all celebrities have,Agents
Do all celebrities have,Veneers
Do all celebrities have,Publicists
Do all celebrities have,To join the illuminati
Do all celebrities have,To sell their souls
Mrs.,Maddox
Mrs.,Doubtfire
Mrs.,Fields
Mrs.,Robinson
Mrs.,Potato head
Mrs.,Meyers
Mrs.,Dalloway
Mrs.,Roper
Mrs.,Doubtfire cast
Mrs.,Beasley
Football is,Back
Football is,Life
Football is,Back mem
Football is,Coming
Football is,Gay
Football is,Family
Football is,Here
Football is,Back commercial
Football is,My life
Football is,Coming meme
Beef jerky is,It bad for you
Beef jerky is,It healthy
Beef jerky is,Made out of
Beef jerky is,Nasty
Beef jerky is,Too expensive
Beef jerky is,Raw meat
Beef jerky is,Expensive
Beef jerky is,Just a meat raisin
Beef jerky is,Like a meat raisin
Beef jerky is,A meat raisin
Cursive is,Cool contest 2016
Cursive is,Dead
Cursive is,Pointless
Cursive is,Important
Cursive is,Dying
Cursive is,A lost art
Cursive is,A waste of time
Cursive is,Outdated
Cursive is,Faster than manuscript
Cursive is,Obsolete
Sparkling,Water
Sparkling,Finish paint
Sparkling,Ice
Sparkling,Wiggles
Sparkling,Wine
Sparkling,Abode
Sparkling,Cider
Sparkling,Juice
Sparkling,Ice tea
Sparkling,Apple cider
Island of,The blue dolphins
Island of,The dolls
Island of,Misfit toys
Island of,Adventure
Island of,Capri
Island of,Hawaii
Island of,The blue dolphins movie
Island of,Lesbos
Island of,Sodor
Island of,Terror
Buy stock in,Water
Buy stock in,Tesla
Buy stock in,Nintendo
Buy stock in,Pokemon go
Buy stock in,Waffles
Buy stock in,Apple
Buy stock in,Aldi
Buy stock in,Nike
Buy stock in,Google
Buy stock in,Amazon
How to tie a,Tie
How to tie a,Noose
How to tie a,Bow tie
How to tie a,Scarf
How to tie a,Bandana
How to tie a,Slip knot
How to tie a,Windsor knot
How to tie a,Neckties
How to tie a,Tie easy
How to tie a,Knot
Gun control is,Using both hands
Gun control is,Not the answer
Gun control is,Bad
Gun control is,Unconstitutional
Gun control is,Good
Gun control is,Gun control
Gun control is,A misfire
Gun control is,Constitutional
Gun control is,No answer to crime
Gun control is,Necessary
Oh,Yeah
Oh,My god
Oh,No
Oh,Wonder
Oh,She glows
Oh,Crab
Oh,Canada
Oh,What a night
Oh,Tokyo
Oh,Happy day
Hillary clinton looks like,Yoda
Hillary clinton looks like,Kim jong il
Hillary clinton looks like,chucky
Hillary clinton looks like,George washington
Hillary clinton looks like,Miss piggy
Hillary clinton looks like,Kirby vacuum
Hillary clinton looks like,King jong un
Hillary clinton looks like,Dolores umbridge
Hillary clinton looks like,Joker
Hillary clinton looks like,The grinch
Harry potter and the,Cursed child
Harry potter and the,Deathly hallows
Harry potter and the,Cursed child movie
Harry potter and the,Prisoner of azkaban
Harry potter and the,Chamber of secrets
Harry potter and the,Goblet of fire
Harry potter and the,Half blood prince
Harry potter and the,Cursed child review
Harry potter and the,Order of the phoenix
Harry potter and the,Sorcerer's stone movie
All the way to,Heaven
All the way to,Me
All the way to,Reno
All the way to,The ocean
All the way to,Tacoma
All the way to,The top
All the way to,Memphis
All the way to,The bank
All the way to,Victory town
All the way to,Galway
Star wars is,Gay
Star wars is,Real
Star wars is,Dead
Star wars is,Overrated
Star wars is,Life
Star wars is,Ruined
Star wars is,Lame
Star wars is,Disney
Star wars is,Kinda gay
Star wars is,Bad
Star trek is,Better
Star trek is,Dead
Star trek is,Awesome
Star trek is,That classical music
Star trek is,Star wars
Star trek is,Real
Star trek is,For nerds
Star trek is,To trekkie as star wars is to
Star trek is,Hot
Star trek is,Fascist
Famous celebrity,Couples
Famous celebrity,Birthdays
Famous celebrity,Deaths
Famous celebrity,Deaths 2016
Famous celebrity,Murders
Famous celebrity,Photographers
Famous celebrity,Twins
Famous celebrity,Siblings
Famous celebrity,Feuds
Famous celebrity,Divorces
Donald trump look like,Corn
Donald trump look like,Hilary clinton
Donald trump look like,Patton
Donald trump look like,A blobfish
Donald trump look like,Pokemon
Donald trump look like,Butter
Donald trump look like,Oompa loompa
Donald trump look like,Purge
Donald trump look like,Grumpy cat
Donald trump look like,Dr evil
Indiana jones and the,Temple of doom
Indiana jones and the,Last crusade
Indiana jones and the,Fate of atlantis
Indiana jones and the,Kingdom of the crystal skull
Indiana jones and the,Infernal machine
Indiana jones and the,Temple of doom cast
Indiana jones and the,Last crusade cast
Indiana jones and the,Emperor's tomb
Indiana jones and the,Raiders of the lost ark
Indiana jones and the,Staff of kings
The windy,City
The windy,Baby
The windy,Apple
The windy,Thing
The windy,Blonde
The windy,Planet
The windy,City assassin
The windy,Road
The windy,City blue
The windy,Day
How to grow,A beard
How to grow,Your hair
How to grow,Taller
How to grow,Hair faster
How to grow,Garlic
How to grow,Hops
How to grow,Your hair out
How to grow,Potatoes
How to grow,Broccoli
How to grow,Pumpkins
The oscars are,Too white
The oscars are,Rigged
The oscars are,Racist
The oscars are,Bullshit
The oscars are,Awarded on it crossword
The oscars are,So white
The oscars are,White
The oscars are,A sham
The oscars are,Pointless
The oscars are,A joke
The beatles are,Gay
The beatles are,Coming
The beatles are,Overrated
The beatles are,Dead
The beatles are,Metal
The beatles are,The worst band ever
The beatles are,The best
The beatles are,Overrated reddit
The beatles are,Terrible
The beatles are,Bad
College is,Hard
College is,Power scholarship
College is,Bullshit
College is,Too expensive
College is,A waste of time and money
College is,My life
College is,Expensive
College is,Too hard
College is,Worth it
College is,Stressful
Who sells the best,Kratom
Who sells the best,Gas
Who sells the best,Bras
Who sells the best,Potato salad
Who sells the best,Leggings
Who sells the best,Jeans
Who sells the best,Pillows
Who sells the best,Essential oils
Who sells the best,Furniture
Who sells the best,Sheets
Rap is,Dead
Rap is,A man's soul
Rap is,The new rock
Rap is,Garbage
Rap is,Poetry
Rap is,Like ziti
Rap is,Bad
Rap is,Something i do on the side
Rap is,Not pop
Rap is,Life
Sports are,Stupid
Sports are,Gay
Sports are,Described in this chapter as site where
Sports are,Rigged
Sports are,Boring
Sports are,Life
Sports are,Fun
Sports are,Overrated
Sports are,Good
Sports are,A distraction
Google are you,There
Google are you,Gay
Google are you,Stupid
Google are you,A boy or a girl
Google are you,Listening
Google are you,My friend
Google are you,A girl
Google are you,Related to siri
Google are you,Smart
Google are you,Married
Coconut,Oil
Coconut,Water
Coconut,Crab
Coconut,Milk
Coconut,Oil uses
Coconut,Head
Coconut,Cream
Coconut,Aminos
Coconut,Oil for hair
Coconut,Rice
Don't blame me I voted for,Kodos
Don't blame me I voted for,Kodos shirt
Don't blame me I voted for,Jack
Don't blame me I voted for,Cobra commander
Don't blame me I voted for,Kodos sticker
Don't blame me I voted for,Mcgovern
Don't blame me I voted for,The american
Don't blame me I voted for,Ted
Don't blame me I voted for,Nader
Don't blame me I voted for,Bumper sticker
The nra is,Bad
The nra is,A cult
The nra is,Good
The nra is,The problem
The nra is,To blame for police shootings
The nra is,What type of interest group
The nra is,The new kkk
The nra is,An example of
The nra is,A hate group
The nra is,Wrong
Cars are too,Expensive
Cars are too,Expensive in australia
Cars are too,Mainstream
Cars are too,Complicated
Cars are too,Expensive now
Cars are too,Dangerous
Cars are too,Big
Cars are too,Heavy
Cars are too,Complex
Cars are too,Fast
Soylent is,Bad
Soylent is,Bullshit
Soylent is,Too expensive
Soylent is,Bad for you
Soylent is,A joke
Soylent is,Healthy
Soylent is,Not healthy
Soylent is,Human
Soylent is,Good for you
Soylent is,Dangerous
Biography of,Donald trump
Biography of,Hillary clinton
Biography of,Abraham lincoln
Biography of,Mother teresa
Biography of,Simone biles
Biography of,Barack obama
Biography of,Benjamin franklin
Biography of,Walt disney
Biography of,Steve jobs
Biography of,Michael phelps
App for,Facebook
App for,Pokemon go
App for,Android
App for,Youtube
App for,Flashlight
App for,Pandora
App for,Selling stuff
App for,Making friends
App for,Pictures
App for,Scheduling
Can the government take your,IRA
Can the government take your,Child
Can the government take your,Money
Can the government take your,Money from bank account
Can the government take your,Land
Can the government take your,Gold
Can the government take your,Home
Can the government take your,Pension
Can the government take your,Property
Can the government take your,Disability check
Muppet,Babies
Muppet,Characters
Muppet,Treasure island
Muppet,Necking
Muppet,Show
Muppet,Movie
Muppet,Chef
Muppet,Eagle
Muppet,Band
Muppet,Christmas carol
Polar bears are,Black
Polar bears are,Dying
Polar bears are,Left handed
Polar bears are,Dying vine
Polar bears are,Not white
Polar bears are,Actually black
Polar bears are,Thriving
Polar bears are,Clear
Polar bears are,In danger
Polar bears are,Found in
Nickelback is,Underrated
Nickelback is,Awesome
Nickelback is,Good
Nickelback is,So bad
Nickelback is,That your hand
Nickelback is,Tire of your jokes
Nickelback is,Country
Nickelback is,The best band ever
Nickelback is,My favorite band
Nickelback is,Hated
The great,Gatsby
The great,Pumpkin charlie brown
The great,Escape
The great,Depression
The great,Lakes
The great,Escape room
The great,Indoors
The great,Courses
The great,Barrier reef
The great,Khali
Apple,Store
Apple,Watch
Apple,TV
Apple,Watch 2
Apple,ID
Apple,Crisp
Apple,Support
Apple,Music
Apple,Store near me
Apple,Vacations
Cucumbers are,Yellow
Cucumbers are,Gross essay
Cucumbers are,Fruit
Cucumbers are,Good for
Cucumbers are,Bitter
Cucumbers are,White
Cucumbers are,They good for you
Cucumbers are,Pickles
Cucumbers are,Water
Cucumbers are,A good source of
Facebook is,For losers
Facebook is,Down
Facebook is,Dying
Facebook is,In spanish
Facebook is,Not working
Facebook is,Depressing
Facebook is,Slow
Facebook is,Bad
Facebook is,Dead
Facebook is,A waste of time
Powdered,Sugar
Powdered,Milk
Powdered,Eggs
Powdered,Alcohol
Powdered,Peanut butter
Powdered,Toast man
Powdered,Wig
Powdered,Donuts
Powdered,Cellulose
Powdered,Metal
Lady Gaga's,New album
Lady Gaga's,Meat dress
Lady Gaga's,Net worth
Lady Gaga's,House
Lady Gaga's,Engagement ring
Lady Gaga's,Dog
Lady Gaga's,Ring
Lady Gaga's,Mom
Lady Gaga's,Dress
Lady Gaga's,Manager
Cheat codes for nes,Games
Cheat codes for nes,Mario
Cheat codes for nes,Zelda
Cheat codes for nes,Double dragon
Cheat codes for nes,Punch out
Cheat codes for nes,Ninja turtles
Cheat codes for nes,Remix
Cheat codes for nes,Metroid
Cheat codes for nes,Contra
Cheat codes for nes,Zelda 2
Penguins are,Gay
Penguins are,Just panda chickens
Penguins are,You ready
Penguins are,Birds
Penguins are,Monogamous
Penguins are,Jerks
Penguins are,Mammals
Penguins are,Cute
Penguins are,Panda chickens
Penguins are,So sensitive
Google,Maps
Google,Docs
Google,Translate
Google,Classroom
Google,Drive
Google,Earth
Google,Flights
Google,Scholar
Google,Play
Google,News
Public schools are,So random
Public schools are,Socialist
Public schools are,Evil
Public schools are,Better
Public schools are,Like prisons
Public schools are,Generally funded by
Public schools are,Bad
Public schools are,A joke
Public schools are,Failing
Public schools are,Terrible
Recipe for,Chili
Recipe for,Meatloaf
Recipe for,Stuffed peppers
Recipe for,Peach cobbler
Recipe for,Banana bread
Recipe for,Goulash
Recipe for,No bake cookies
Recipe for,Lasagna
Recipe for,Zucchini bread
Recipe for,Peanut butter cookies
The poor should,Die
The poor should,Stop being poor
The poor should,Receive everything free
The poor should,Stop whining
The poor should,Eat their babies
The poor should,Pay more taxes
The poor should,Seize the means of production
The poor should,Eat porridge
The poor should,Not be allowed to vote
The poor should,Work harder