Ralph,Lauren
Ralph,Waldo emerson
Ralph,Nader
Ralph,Fiennes
Ralph,Thayer
Ralph,Steadman
Ralph,Lauren outlet
Ralph,Carter
Ralph,Lauren bedding
Ralph,Godbee
Jonathan,Allen
Jonathan,Groff
Jonathan,Strange and mr norrell
Jonathan,Brandis
Jonathan,Taylor thomas
Jonathan,Nolan
Jonathan,Edwards
Jonathan,Steward
Jonathan,Cheban
Jonathan,Adler
Mark,Cuban
Mark,Dantonio
Mark,Hamill
Mark,Sanchez
Mark,Twain
Mark,Ruffalo
Mark,Spitz
Mark,Levin
Mark,Harmon
Mark,Zuckerburg
Adam,Levine
Adam,Sandler
Adam,Sandler movies
Adam,Lambert
Adam,Ruins everything
Adam,Devine
Adam,Driver
Adam,Smith
Adam,Levine wife
Adam,West
Keith,Urban
Keith,Haring
Keith,Sweat
Keith,Richards
Keith,Appling
Keith,David
Keith,Moon
Keith,Urban tour
Keith,Olbermann
Keith,Ape
Ronald,Reagan
Ronald,Mcdonald
Ronald,Ollie
Ronald,Mcdonald house
Ronald,Mcdonald house detroit
Ronald,Ollie football
Ronald,Isley
Ronald,Mcdonald house ann arbor
Ronald,Reagan movies
Ronald,Poppo
Emily,Blunt
Emily,Kinney
Emily,Rose
Emily,Osment
Emily,Dickinson
Emily,Browning
Emily,Vancamp
Emily,Bett rickards
Emily,Maynard
Emily,Deschanel
Benjamin,Franklin
Benjamin,Moore
Benjamin,Button
Benjamin,Bratt
Benjamin,Moore paint stores
Benjamin,Watson
Benjamin,Harrison
Benjamin,Walker
Benjamin,Netanyahu
Benjamin,Fulford
Virginia,Beach
Virginia,Tile
Virginia,Tech
Virginia,Madsen
Virginia,Tech football
Virginia,Creeper
Virginia,Woolf
Virginia,Plan
Virginia,Dmv
Virginia,Vallejo
Tyler,Perry
Tyler,The creator
Tyler,Eifert
Tyler,Joseph
Tyler,Posey
Tyler,Glenn
Tyler,Hoechlin
Tyler,Henry
Tyler,Oakley
Tyler,Perry movies
Susan,Boyle
Susan,Yoshikomitsu
Susan,B anthony
Susan,Lucci
Susan,Sarandon
Susan,Miller
Susan,Dey
Susan,Dabaja
Susan,G komen
Susan,Smith
Joshua,Tree
Joshua,Jackson
Joshua,Davis
Joshua,1
Joshua,Dobbs
Joshua,Sasse
Joshua,Wilkerson
Joshua,Bell
Joshua,Dun
Joshua,Malina
Douglas,J
Douglas,J aveda
Douglas,Mi
Douglas,Adams
Douglas,Booth
Douglas,Macarthur
Douglas,Fir
Douglas,And co
Douglas,J okemos
Douglas,Lake bar
Timothy,Dalton
Timothy,Busfield
Timothy,Hutton
Timothy,Leary
Timothy,Olyphant
Timothy,Treadwell
Timothy,Sykes
Timothy,Omundson
Timothy,Mcveigh
Timothy,Bottoms
Harold,Ramis
Harold,And kumar
Harold,Zeigler
Harold,And maude
Harold,Pinter
Harold,Shipman
Harold,Bornstein
Harold,House moore
Harold,Wholesale
Harold,And the purple canyon
George,Soros
George,Washington
George,Hamilton
George,Clooney
George,W bush
George,Clinton
George,Michael
George,Carlin
George,Foreman
George,Lopez
Gary,Johnson
Gary,Johnson polls
Gary,Kubiak
Gary,Busey
Gary,Owen
Gary,Coleman
Gary,Sanchez
Gary,Johnson views
Gary,Clark jr
Gary,Oldman
Howard,Stern
Howard,Hanna
Howard,Hughes
Howard,University
Howard,Johnson
Howard,The duck
Howard,City mi
Howard,Stern net worth
Howard,And howard
Howard,Dean
Kevin,Hart
Kevin,Meaney
Kevin,Hart what now
Kevin,Durant
Kevin,Gates
Kevin,Can wait
Kevin,James
Kevin,Love
Kevin,Bacon
Kevin,Ross
John,Cena
John,Oliver
John,Elway
John,Ball zoo
John,Mayer
John,Travolta
John,Kelly
John,Legend
John,Deere
John,Lennon
Kyle,Schwarber
Kyle,Chandler
Kyle,Hendricks
Kyle,Lowry
Kyle,Wiltjer
Kyle,Chrisley
Kyle,Massey
Kyle,Connor
Kyle,Busch
Kyle,Quincey
Harry,Potter
Harry,Caray
Harry,Styles
Harry,Potter and the cursed child
Harry,Potter movies
Harry,Potter cast
Harry,Potter go
Harry,Connick jr
Harry,Potter characters
Harry,And david
Jack,Chick
Jack,Reacher
Jack,Reacher 2
Jack,White
Jack,Russell
Jack,In the box
Jack,Black daniels
Jack,Nicholson
Jack,The ripper
Jack,Dorsey
Zachary,Quinto
Zachary,Levi
Zachary,Taylor
Zachary,Gordon
Zachary,King
Zachary,Davis piona
Zachary,Hammond
Zachary,Tricoche
Zachary,La
Zachary,Hart
Ruth,Chris
Ruth,B
Ruth,Negga
Ruth,Ellis center
Ruth,Chris ann arbor
Ruth,B lost boy
Ruth,Kearney
Ruth,Wilson
Ruth,Johnson
Ruth,To the rescue
Terry,Francona
Terry,Crews
Terry,Foster
Terry,Boers
Terry,Gross
Terry,Long
Terry,Mcauliffe
Terry,Bradshaw
Terry,Dubrow
Terry,Fator
Joe,Rogan
Joe,Buck
Joe,Maddon
Joe,Louis arena
Joe,Budden
Joe,Muer
Joe,Dumars
Joe,Jonas
Joe,Biden
Joe,Dirt
Meagan,Fox
Meagan,Rapinoe
Meagan,Follows
Meagan,Boone
Meagan,Marx
Meagan,Park
Meagan,Mullally
Meagan,Fox age
Meagan,Is missing
Meagan,Fox 2016
Margaret,Sanger
Margaret,Atwood
Margaret,Cho
Margaret,Thatcher
Margaret,Hamilton
Margaret,Keane
Margaret,Mead
Margaret,Qualley
Margaret,Glaspy
Margaret,Colin
Brian,Wilson
Brian,Kelly
Brian,Justin crum
Brian,Williams
Brian,Cushing
Brian,Hoyer
Brian,May
Brian,Griese
Brian,Peppers
Brian,Kendrick
Arthur,Memes
Arthur,Fist
Arthur,Ashe
Arthur,Miller
Arthur,Mariano
Arthur,Cartoon
Arthur,Murray
Arthur,Characters
Arthur,Agee
Arthur,C clarke
Jeff,Rovin
Jeff,Dunham
Jeff,Gordon
Jeff,Magid
Jeff,Daniels
Jeff,Bridges
Jeff,Goldblum
Jeff,The killer
Jeff,Hardy
Jeff,Dye
Jane,The virgin
Jane,Fonda
Jane,Austen
Jane,Eyre
Jane,Seymour
Jane,Goodall
Jane,Elliott
Jane,Lynch
Jane,Levy
Jane,Got a gun
Peter,Burns
Peter,Pan
Peter,Cushing
Peter,Dinklage
Peter,Frampton
Peter,Pan costume
Peter,Thiel
Peter,Griffin
Peter,Gabriell
Peter,Jackson
Jessica,Jones
Jessica,Alba
Jessica,Biel
Jessica,Simpson
Jessica,Nigri
Jessica,Lange
Jessica,Chastain
Jessica,London
Jessica,Dime
Jessica,White
Sarah,Palin
Sarah,Paulson
Sarah,Banks
Sarah,Hyland
Sarah,Jessica parker
Sarah,Silverman
Sarah,Snyder
Sarah,Shahi
Sarah,Chake
Sarah,Harbaugh
Andrew,Lincoln
Andrew,Jackson
Andrew,Garfield
Andrew,Luck
Andrew,Miller
Andrew,Taggart
Andrew,Romine
Andrew,Dice clay
Andrew,Mcmahon
Andrew,Carnegie
Deborah,Gresham
Deborah,Thomas
Deborah,Ann woll
Deborah,Ross
Deborah,Cox
Deborah,Kerr
Deborah,Danner
Deborah,Gordon law
Deborah,Harry
Deborah,Winans
James,Hinchcliffe
James,O'Keefe
James,Franco
James,Corden
James,Dean
James,Bon
James,McCann
James,Brown
James,Harden
James,Harrison
Steven,Teun
Steven,Universe
Steven,Avery
Steven,Universe episodes
Steven,Tyler
Steven,Ogg
Steven,Adams
Steven,Universe season 3
Steven,Moya
Steven,Seagal