I need help with,My water bill
I need help with,Math
I need help with,My dte bill
I need help with,My rent
I need help with,My homework
I need help with,My bills
I need help with,My resume
I need help with,Housing
I need help with,Depression
I need help with,Money
I think my dad is,Batman
I think my dad is,Batman onesie
I think my dad is,Gay
I think my dad is,Cheating
I think my dad is,Going to die
I think my dad is,Bipolar
I think my dad is,Emotionally abusive
I think my dad is,Cheating on my mom
I think my dad is,Dracula
I think my dad is,Dying
How to draw a,Rose
How to draw a,Dog
How to draw a,Flower
How to draw a,Cat
How to draw a,Dragon
How to draw a,Nose
How to draw a,Horse
How to draw a,Person
How to draw a,Face
How to draw a,Tree
Dad's,Birthday
Dad's,Home
Dad's,Army
Dad's,Bar
Dad's,Birthday meme
Dad's,Easy spray
Dad's,Army movie
Dad's,Birthday gift
Dad's,Trophy
Dad's,Hat
How to get rid of,Fleas
How to get rid of,Bed bugs
How to get rid of,Gnats
How to get rid of,Stinkbugs
How to get rid of,Flies
How to get rid of,Acne
How to get rid of,Skunks
How to get rid of,Ants
How to get rid of,Mice
How to get rid of,Spiders
I swallowed a,Penny
I swallowed a,Bug
I swallowed a,Fly
I swallowed a,Chicken bone
I swallowed a,Quarter
I swallowed a,Bone
I swallowed a,Bee
I swallowed a,Golf ball
I swallowed a,Tooth
I swallowed a,Plum pit
My feet smell like,Weed
My feet smell like,Cheese
My feet smell like,Fritos
My feet smell like,Popcorn
My feet smell like,Death
My feet smell like,Poop
My feet smell like,Cat pee
My feet smell like,Bleach
My feet smell like,Chocolate
My feet smell like,Mildew
I had a dream i was,Pregnant
I had a dream i was,Dying
I had a dream i was,Pregnant with twins
I had a dream i was,Getting married
I had a dream i was,Pregnant with a girl
I had a dream i was,Shot
I had a dream i was,Flying
I had a dream i was,Drowning
I had a dream i was,Pregnant and it felt so real
I had a dream i was,In jail
Seafood makes me,Answers
Seafood makes me,Poop
Seafood makes me,Itchy
Seafood makes me,Gag
Seafood makes me,Smell
Seafood makes me,Sick
Seafood makes me,Sleepy
Seafood makes me,Gassy
Seafood makes me,Dizzy
Seafood makes me,Fart
I want to be a,Billionaire
I want to be a,Girl
I want to be a,Cowboy
I want to be a,Millionaire
I want to be a,Dentist
I want to be a,Woman
I want to be a,Rockstar
I want to be a,Model
I want to be a,Doctor
I want to be a,Baller
My ears are,Ringing
My ears are,Bleeding
My ears are,Hot
My ears are,Burning
My ears are,Clogged
My ears are,Itchy
My ears are,Popping
My ears are,Always itching
My ears are,Always clogged
My ears are,Hurting
I wish i were a,Butterfly
I wish i were a,Fish
I wish i were a,Baller
I wish i were a,Girl
I wish i were a,Bird
I wish i were a,Bar of soap
I wish i were a,Boy
I wish i were a,Unicorn
I wish i were a,Glow worm
I wish i were a,Princess
I hate it when you,Walk outside
I hate it when you,Poem
I hate it when you,Leave
I hate it when you,See me cry
I hate it when you,Guys fight
I hate it when you,Walk outside jokes
I hate it when you,Jokes
I hate it when you,Dont text back
I hate it when you,Open the fridge and a bear
I hate it when you,Accidentally build a shelf
I think i’m a,Sofa
I think i’m a,Done now
I think i’m a,Furry
I think i’m a,Bunny
I think i’m a,Bad mom
I think i’m a,Cat
I think i’m a,Ghost
I think i’m a,Psychic
I think i’m a,Masochist
I think i’m a,Sadist
Bathrooms near,Me
Bathrooms near,Ne
Bathrooms near,My location
Bathrooms near,Boston common
Bathrooms near,Here
Bathrooms near,Me nyc
Bathrooms near,Union square
Bathrooms near,Central park
Bathrooms near,National mall
Bathrooms near,Ocean beach
My eyes look,Tired
My eyes look,Dead
My eyes look,Yellow
My eyes look,Black
My eyes look,Weird
My eyes look,Droopy
My eyes look,Sunken in
My eyes look,Old
My eyes look,Sad
My eyes look,Different
Is it weird to like,Asmr
Is it weird to like,Anime
Is it weird to like,Pain
Is it weird to like,Pooping
Is it weird to like,To be alone
Is it weird to like,Blood
Is it weird to like,Feet
Is it weird to like,Your 3rd cousin
Is it weird to like,The smell of skunk
Is it weird to like,Kpop
My best friend is a,Guy
My best friend is a,Girl
My best friend is a,Bag
My best friend is a,Marine
My best friend is a,Robot
My best friend is a,Monkey
My best friend is a,Dog
My best friend is a,Boy
My best friend is a,Mermaid
My best friend is a,Cat
I love my,Wife
I love my,husband
I love my,Pillow
I love my,Mom
I love my,Sister
I love my,Son
I love my,Boyfriend
I love my,Pets
I love my,Daughter
I love my,Dad
How to get rid of,Fleas
How to get rid of,Bed bugs
How to get rid of,Gnats
How to get rid of,Stink bugs
How to get rid of,Flies
How to get rid of,Acne
How to get rid of,Skunks
How to get rid of,Ants
How to get rid of,Mice
How to get rid of,Spiders
My friends are all,Dead
My friends are all,Wasted
My friends are all,Getting married
My friends are all,Married
My friends are all,Heathens
My friends are all,Losers
My friends are all,Gone
My friends are all,Depressed
My friends are all,Smarter than me
My friends are all,Pregnant
Why do people like,Trump
Why do people like,Anime
Why do people like,Beer
Why do people like,Horror movies
Why do people like,Sex
Why do people like,Spicy food
Why do people like,Drake
Why do people like,Feet
Why do people like,Cats
Why do people like,Me
I hate my,Life
I hate my,Job
I hate my,Husband
I hate my,Boss
I hate my,Mom
I hate my,Job meme
I hate my,Family
I hate my,Wife
I hate my,Body
I hate my,Parents
I don't like to,Show off
I don't like to,Read
I don't like to,Sleep
I don't like to,Be touched
I don't like to,Work
I don't like to,Lose
I don't like to,Share
I don't like to,Think
I don't like to,Travel
I don't like to,Talk
I smell,Like beef
I smell,Great
I smell,Bullshit
I smell,A rat
I smell,Smoke
I smell,Like beef slow
I smell,Gas
I smell,Toast
I smell,Trouble
I smell,Cinnamon rolls
I am extremely,Cute
I am extremely,Bored
I am extremely,Depressed
I am extremely,Tired
I am extremely,Lonely
I am extremely,Sorry
I am extremely,Tired all the time
I am extremely,Inflexible
I am extremely,Bloated
I am extremely,Happy
I think my mom is,Cheating
I think my mom is,Gy
I think my mom is,Pregnant
I think my mom is,Attracted to me
I think my mom is,Suicidal
I think my mom is,Crazy
I think my mom is,Having an affair
I think my mom is,Emotionally abusive
I think my mom is,Bipolar
I think my mom is,Dying
How to hold in,Pee
How to hold in,Poop
How to hold in,A fart
How to hold in,Tears
How to hold in,A cough
How to hold in,A sneeze
How to hold in,A laugh
How to hold in,Your farts
How to hold in,Anger
How to hold in,Vomit
How to make a,Resume
How to make a,Tutu
How to make a,Smoothie
How to make a,Website
How to make a,Gif
How to make a,Bow
How to make a,Snapchat geofilter
How to make a,Paper airplane
How to make a,Milk shake
How to make a,Meme
Should i sell my,House
Should i sell my,House by owner
Should i sell my,Stocks
Should i sell my,Car
Should i sell my,Atlas stone
Should i sell my,Ps4
Should i sell my,Xbox one
Should i sell my,House or rent it
Should i sell my,Apple stock
Should i sell my,Wells fargo stock
How to kill a,Tree
How to kill a,Mockingbird
How to kill a,Skunk
How to kill a,Tree stump
How to kill a,Mouse
How to kill a,Spider
How to kill a,Fly
How to kill a,Stink bug
How to kill a,Groundhog
How to kill a,Cricket
I love taste of,Come
I love taste of,Balls
I love taste of,Blood
I love taste of,You
I love taste of,Water
I love taste of,Red bull
I love taste of,Diet dew
I love taste of,Your lips
I love taste of,Napalm in the morning
I love taste of,Baking soda
What's it like to be,A pet names steve
What's it like to be,A black gir
What's it like to be,In love
What's it like to be,Blind
What's it like to be,A bat
What's it like to be,An empath
What's it like to be,Dyslexic
What's it like to be,A nurse
What's it like to be,Black
What's it like to be,Nice
Pictures of,The moon
Pictures of,Bed bugs
Pictures of,Dogs
Pictures of,Poison ivy
Pictures of,Bed bug bites
Pictures of,Puppies
Pictures of,Cats
Pictures of,Clowns
Pictures of,Harley quinn
Pictures of,Spider bites
My armpits smell like,Cheese
My armpits smell like,Tacos
My armpits smell like,Curry
My armpits smell like,Skunk
My armpits smell like,Ammonia
My armpits smell like,Coffee
My armpits smell like,Garlic
My armpits smell like,Mildew
My armpits smell like,Onion
My armpits smell like,Celery
I love the feeling of being,Pregnant
I love the feeling of being,In love
I love the feeling of being,Drunk
I love the feeling of being,High
I love the feeling of being,Full
I love the feeling of being,Hungry
I love the feeling of being,Anonymous in a city
I love the feeling of being,Fat
I love the feeling of being,Sore
I love the feeling of being,Tattooed
I lied to my,Boyfriend
I lied to my,Girlfriend
I lied to my,Husband
I lied to my,Parents
I lied to my,Boyfriend about my age
I lied to my,Mom
I lied to my,Wife
I lied to my,Boss
I lied to my,Friend
I lied to my,Best friend
I want to see a,Picture
I want to see a,Video
I want to see a,Movie
I want to see a,Picture of you
I want to see a,Girl
I want to see a,Picture of a bed bug
I want to see a,Map
I want to see a,Ghost
I want to see a,Therapist
I want to see a,Dog
I lied about my,Age
I lied about my,GPA
I lied about my,Period
I lied about my,Age to my friends
I lied about my,Race
I lied about my,Salary
I lied about my,College degree
I lied about my,Past
I lied about my,Virginity
I lied about my,Age to a guy
Should I sell my,House
Should I sell my,House by owner
Should I sell my,Stocks
Should I sell my,Car
Should I sell my,Atlas stone
Should I sell my,Ps4
Should I sell my,Xbox one
Should I sell my,House or rent it
Should I sell my,Apple stock
Should I sell my,Wells fargo stock
I think I have,A uti
I think I have,MS
I think I have,Cancer
I think I have,Adhd
I think I have,A little crush on you
I think I have,Add
I think I have,Anxiety
I think I have,Herpes
I think I have,Pneumonia
I think I have,HIV
I'm too,Sexy
I'm too,Nice
I'm too,Fat to be a hipster shirt
I'm too,Tired
I'm too,Fat
I'm too,Good for you
I'm too,Busy
I'm too,Fat to be a hipster
I'm too,Tired to work
I'm too,Lazy
I cheated on my girlfriend with,My best friend
I cheated on my girlfriend with,My ex
I cheated on my girlfriend with,Her mom
I cheated on my girlfriend with,Her sister
I cheated on my girlfriend with,My cousin
I cheated on my girlfriend with,A guy
I cheated on my girlfriend with,Her best friend
I cheated on my girlfriend with,Her brother
I cheated on my girlfriend with,My friend
I cheated on my girlfriend with,A prostitute
I think life is,A dream
I think life is,Not real
I think life is,A gift titanic
I think life is,A pet named steve
I think life is,About falling in love
I think life is,Meaningless
I think life is,Fake
I think life is,An illusion
I think life is,Pointless
I think life is,A game
I broke my,Back
I broke my,Boy
I broke my,Leg
I broke my,Phone
I broke my,Back for you
I broke my,Trunk
I broke my,Own heart
I broke my,Toe
I broke my,Arm
I broke my,Ankle
This game is,A nipple
This game is,Bullshit
This game is,Rigged
This game is,Japan only
This game is,Perfect
This game is,Bonkers
This game is,So esey
This game is,Seven card stud
This game is,Savage
This game is,Perfect h1z1
How to get rich off,Of
How to get rich off,Stocks
How to get rich off,The internet
How to get rich off,Rapping
How to get rich off,Of penny stocks
How to get rich off,Youtube
How to get rich off,Ebay
How to get rich off,Real estate
How to get rich off,Bitcoin
How to get rich off,Music
I hate the taste of,Water
I hate the taste of,Alcohol
I hate the taste of,Weed
I hate the taste of,Beer
I hate the taste of,Coffee
I hate the taste of,Coconut oil
I hate the taste of,Win
I hate the taste of,Milk
I hate the taste of,Stevia
I hate the taste of,Protein powder
I accidentally ate,Mold
I accidentally ate,The whole thing
I accidentally ate,Raw chicken
I accidentally ate,Gluten
I accidentally ate,Plastic
I accidentally ate,Ants
I accidentally ate,Moldy food
I accidentally ate,Raw pork
I accidentally ate,Dairy
I accidentally ate,Pork
I think i swallowed a,Pet named steve
I think i swallowed a,Bug
I think i swallowed a,Spider
I think i swallowed a,Fly
I think i swallowed a,Bone
I think i swallowed a,Bee
I think i swallowed a,Cockroach
I think i swallowed a,Tiny piece of glass
I think i swallowed a,Hair
I think i swallowed a,Piece of plastic fork
I am extremely,Cute
I am extremely,Bored
I am extremely,Depressed
I am extremely,Tired
I am extremely,Lonely
I am extremely,Sorry
I am extremely,Tired all the time
I am extremely,Inflexible
I am extremely,Bloated
I am extremely,Happy
Why are dogs,Najis
Why are dogs,Better than cats
Why are dogs,So cute
Why are dogs,So loyal
Why are dogs,Color blind
Why are dogs,So loving
Why are dogs,So happy
Why are dogs,Afraid of thunder
Why are dogs,Afraid of cats
Why are dogs,Noses cold
New yorkers are,Pretentious
New yorkers are,Known for
New yorkers are,Stupid
New yorkers are,Ugly
New yorkers are,So rude
New yorkers are,The best
New yorkers are,Nice
New yorkers are,Rude
New yorkers are,Tough
New yorkers are,Idiots
I'm too fat to be,Be a hipster shirt
I'm too fat to be,Be a hipster
I'm too fat to be,Move
I'm too fat to be,Run
I'm too fat to be,Live
I'm too fat to be,Be in the car by myself
I'm too fat to be,Get pregnant
I'm too fat to be,Get a girlfriend
I'm too fat to be,Go to the gym
I'm too fat to be,Wear a bikini
I was bitten by a,Turtle when i was a young lad
I was bitten by a,Dog
I was bitten by a,Human
I was bitten by a,Tick
I was bitten by a,Radioactive detective
I was bitten by a,Spider
I was bitten by a,Feral kitten
I was bitten by a,Snake
I was bitten by a,Mosquito
I was bitten by a,Mouse