Can you eat,Acorns
Can you eat,Weed
Can you eat,Carp
Can you eat,Salmon skin
Can you eat,Wild grapes
Can you eat,Raw shrimp
Can you eat,Cactus
Can you eat,Raw eggs
Can you eat,Dogfish
Can you eat,Muskie
Can you milk a,Chicken
Can you milk a,Man
Can you milk a,Cat
Can you milk a,Horse
Can you milk a,Snake
Can you milk a,Whale
Can you milk a,Pig
Can you milk a,Sheep
Can you milk a,Male cow
Can you milk a,Camel
Is it wrong to,Be gay
Is it wrong to,Sleep with your sister
Is it wrong to,Be strong
Is it wrong to,Cheat
Is it wrong to,Wear black to a wedding
Is it wrong to,Be white
Is it wrong to,Question god
Is it wrong to,Ask god for a sign
Is it wrong to,Be cremated
Is it wrong to,Declaw a cat
Can you deep fry,Water
Can you deep fry,Pizza rolls
Can you deep fry,A hot dog
Can you deep fry,With olive oil
Can you deep fry,Bacon
Can you deep fry,Salmon
Can you deep fry,Frozen chicken
Can you deep fry,With coconut oil
Can you deep fry,Steak
Can you deep fry,In a pressure cooker
Will my dog eat my,Dead body
Will my dog eat my,Cat
Will my dog eat my,Baby
Will my dog eat my,Kitten
Will my dog eat my,Bunny
Will my dog eat my,Rat
Will my dog eat my,Bird
Will my dog eat my,Bearded dragon
Will my dog eat my,Sugar glider
Will my dog eat my,New kitten
Should i start,An llc
Should i start,A youtube channel
Should i start,drinking coffee
Should i start,Smoking
Should i start,A blog
Should i start,A business
Should i start,Smoking again
Should i start,An ira 
Should i start,Running
Should i start,Playing wow
Do fish ever,Sleep
Do fish ever,Drown
Do fish ever,Fart
Do fish ever,Get bored
Do fish ever,Get thirsty
Do fish ever,Blink
Do fish ever,Get full
Do fish ever,Go to sleep
Do fish ever,Get tired
Do fish ever,Stop growing
Everything tastes,Salty
Everything tastes,Bad
Everything tastes,Bitter
Everything tastes,Better wow
Everything tastes,Sweet
Everything tastes,Weird
Everything tastes,Like soap
Everything tastes,Like metal
Everything tastes,Sour
Everything tastes,Spicy
How much does it cost to buy a,Star
How much does it cost to buy a,Horse
How much does it cost to buy a,House
How much does it cost to buy a,Mcdonalds
How much does it cost to buy a,Snapchat filter
How much does it cost to buy a,Hospital
How much does it cost to buy a,Domain name
How much does it cost to buy a,Dog
How much does it cost to buy a,Mcdonalds franchise
How much does it cost to buy a,Car
Do astronauts,Still drink tang
Do astronauts,Believe in god
Do astronauts,Have internet in space
Do astronauts,Shower in space
Do astronauts,See stars
Do astronauts,Get sick
Do astronauts,Age slower in space
Do astronauts,Get paid
Do astronauts,Shave in space
Do astronauts,Smoke weed in space
Why are the french so,Rude
Why are the french so,Thin
Why are the french so,Good at cooking
Why are the french so,Weird
Why are the french so,Lazy
Why are the french so,Mean
Why are the french so,Short
Why are the french so,Negative
Why are the french so,Skinny
Why are the french so,Snobby
Is it cool to,Be black
Is it cool to,Rap about gold
Is it cool to,Go to sleep on the floor
Is it cool to,Vape
Is it cool to,Say cool
Is it cool to,Be smart
Is it cool to,Be a nerd
Is it cool to,Be hip
Is it cool to,smoke
Is it cool to,Be weird
Can dogs learn to,Fly
Can dogs learn to,Use the toilet
Can dogs learn to,Speak
Can dogs learn to,Drive
Can dogs learn to,Read
Can dogs learn to,Get along
Can dogs learn to,Wink
Can dogs learn to,Smile
Can dogs learn to,Use a litter box
Can dogs learn to,Understand english
Is it okay to swim with,A uti
Is it okay to swim with,A pad
Is it okay to swim with,Dolphins
Is it okay to swim with,A cold
Is it okay to swim with,Lice
Is it okay to swim with,Ringworm
Is it okay to swim with,A fever
Is it okay to swim with,Poison ivy
Is it okay to swim with,A tampon
Is it okay to swim with,Pink eye
How do you pretend to be,A carrot
How do you pretend to be,Happy
How do you pretend to be,Pregnant
How do you pretend to be,Sick
How do you pretend to be,Asleep
How do you pretend to be,A virgin
How do you pretend to be,High
How do you pretend to be,Offline on facebook
How do you pretend to be,Drunk
How do you pretend to be,Confident
Should I get a,Flu shot
Should I get a,Divorce
Should I get a,Tattoo
Should I get a,Dog
Should I get a,Cat
Should I get a,Fitbit
Should I get a,Credit card
Should I get a,Perm
Should I get a,Second dog
Should I get a,Nose job
Is there a law against,Bullying
Is there a law against,Sexting
Is there a law against,Burning the flag
Is there a law against,Driving barefoot
Is there a law against,Breastfeeding in public
Is there a law against,Texting and driving
Is there a law against,Hate speech
Is there a law against,Dumpster diving
Is there a law against,Crusing
Is there a law against,Feeding stray cats
What happens when you mix alcohol and,Weed
What happens when you mix alcohol and,Drugs
What happens when you mix alcohol and,Water
What happens when you mix alcohol and,Bleach
What happens when you mix alcohol and,Xanax
What happens when you mix alcohol and,Prozac
What happens when you mix alcohol and,Advil
What happens when you mix alcohol and,Percocet
What happens when you mix alcohol and,Medicine
What happens when you mix alcohol and,Vinegar
Is anyone else leaving,Ncis
Is anyone else leaving,Fox news
Is anyone else leaving,Hamilton
Is anyone else leaving,One direction
Is anyone else leaving,Grey anatomy
Is anyone else leaving,Days of our lives
Is anyone else leaving,The eu
Is anyone else leaving,Coronation street
Is anyone else leaving,The young and the restless
Is anyone else leaving,Downton abbey
What happens if you touch a,Elf
What happens if you touch a,Slug
What happens if you touch a,Cloud
What happens if you touch a,Toad
What happens if you touch a,Butterfly
What happens if you touch a,Baby bunny
What happens if you touch a,Power line
What happens if you touch a,Star
What happens if you touch a,Frog
What happens if you touch a,Baby deer
Where can you sell a,Diamond ring
Where can you sell a,Fur coat
Where can you sell a,Testicle
Where can you sell a,Gun
Where can you sell a,Prom dress
Where can you sell a,Phone
Where can you sell a,Car
Where can you sell a,Wedding dress
Where can you sell a,Diamond
Where can you sell a,Tv
Why is my boyfriend so,Mean
Why is my boyfriend so,Cute
Why is my boyfriend so,Hot
Why is my boyfriend so,Clingy
Why is my boyfriend so,Stupid
Why is my boyfriend so,Controlling
Why is my boyfriend so,Insecure
Why is my boyfriend so,Annoying
Why is my boyfriend so,Jealous
Why is my boyfriend so,Angry
What happens if you eat,Weed
What happens if you eat,Mold
What happens if you eat,Poop
What happens if you eat,Too much salt
What happens if you eat,Moldy bread
What happens if you eat,Too much sugar
What happens if you eat,Too much protein
What happens if you eat,Too much fiber
What happens if you eat,Moldy cheese
What happens if you eat,Too many turns
Do dogs,Dream
Do dogs,Cry
Do dogs,Sweat
Do dogs,Go to heaven
Do dogs,Smile
Do dogs,Have periods
Do dogs,See in color
Do dogs,Have souls
Do dogs,Get colds
Do dogs,Have belly buttons
Can the government control,The internet
Can the government control,Our minds
Can the government control,The weather
Can the government control,Your computer
Can the government control,Your phone
Can the government control,Freedom of speech
Can the government control,Our weather
Can the government control,Your car
Can the government control,Gas prices
Can the government control,What we eat
Can I perform my own,Home inspection
Can I perform my own,Labiaplasty
Can I perform my own,Background check
Can I perform my own,Marriage
Can I perform my own,Nikah
Can I perform my own,Circumcision
Can I perform my own,Abortion
Can I perform my own,Membrane sweep
Can I perform my own,Title search
Can I perform my own,Liposuction
Does north korea have,Allies
Does north korea have,An olympic team
Does north korea have,Nukes
Does north korea have,Internet
Does north korea have,A constitution
Does north korea have,A navy
Does north korea have,Elections
Does north korea have,Any allies
Does north korea have,Submarines
Does north korea have,A dictator
Who was the first person in the world to,Die
Who was the first person in the world to,Fart
Who was the first person in the world to,Get ebola
Who was the first person in the world to,Be alive
Who was the first person in the world to,Climb mount everest
Who was the first person in the world to,Be born
Who was the first person in the world to,have aids
Who was the first person in the world to,Have blue eyes
Who was the first person in the world to,Get a tattoo
Who was the first person in the world to,Get drunk
How do you get,Bed bugs
How do you get,Coins in pokemon go
How do you get,Pink eye
How do you get,Rid of bed bugs
How do you get,Hpv
How do you get,Scabies
How do you get,Ringworm
How do you get,A uti
How do you get,Stardust in pokemon go
How do you get,Hepatitis c
Why do women,Cheat
Why do women,Wear bras
Why do women,Have periods
Why do women,Wear thongs
Why do women,Douche
Why do women,Moan
Why do women,Wear makeup
Why do women,Get cramps
Why do women,Wear hijab
Why do women,Wear high heels
Why does my dad,Hate me
Why does my dad,Hit me
Why does my dad,Drink
Why does my dad,Love me
Why does my dad,Smell
Why does my dad,Not love me
Why does my dad,Yell at me
Why does my dad,Beat me
Why does my dad,Smell like poop
Why does my dad,Not care about me
Is there such thing as a,Snow snake
Is there such thing as a,1000 dollar bill
Is there such thing as a,Mini pig
Is there such thing as a,Perfect circle
Is there such thing as a,Sugar high
Is there such thing as a,Black panther
Is there such thing as a,Blue moon
Is there such thing as a,Ghost
Is there such thing as a,Million dollar bill
Is there such thing as a,Liger
Why are dogs,Najis
Why are dogs,Haram
Why are dogs,So cute
Why are dogs,Better than cats
Why are dogs,So loyal
Why are dogs,So loving
Why are dogs,Afraid of storms
Why are dogs,So happy
Why are dogs,Afraid of cats
Why are dogs,Born with worms
From what age can babies,Fly
From what age can babies,Drink rooibos tea
From what age can babies,Subscribe to markiplier
From what age can babies,Sit in a bumbo
From what age can babies,Use a jumperoo
From what age can babies,Have gripe water
From what age can babies,Have weetabix
From what age can babies,Drink water
From what age can babies,See
From what age can babies,Eat
Can you die from eating too much,Weed
Can you die from eating too much,Salt
Can you die from eating too much,Sugar
Can you die from eating too much,Pizza
Can you die from eating too much,Ice
Can you die from eating too much,Chicken nuggets
Can you die from eating too much,Food
Can you die from eating too much,Cheese
Can you die from eating too much,Watermelon
Can you die from eating too much,Fruit
Can you smoke,Molly
Can you smoke,Kratom
Can you smoke,Xanax
Can you smoke,at cedar point
Can you smoke,Coke
Can you smoke,Weed leaves
Can you smoke,Catnip
Can you smoke,Stems
Can you smoke,Mushrooms
Can you smoke,Tea
Why do they call it,A boston cooler
Why do they call it,Bw3
Why do they call it,The clap
Why do they call it,A fifth
Why do they call it,Catfishing
Why do they call it,A wife beater
Why do they call it,A funny bone
Why do they call it,The big apple
Why do they call it,Cobb salad
Why do they call it,Salt water taffy
Why do people,Yawn
Why do people,Snore
Why do people,Cut
Why do people,Cheat
Why do people,Like trump
Why do people,Lie
Why do people,Fart
Why do people,Smoke
Why do people,Stutter
Why do people,Get hiccups
Where do i buy a,Keg
Where do i buy a,Hoverboard
Where do i buy a,Pokemon go plus
Where do i buy a,Dog
Where do i buy a,Sim card
Where do i buy a,Fitbit
Where do i buy a,Hedgehog
Where do i buy a,Domain name
Where do i buy a,Money order
Where do i buy a,Passport